Pokémon,Type 1,Type 2,Habitat,Couleur(s),Stade d'évolution,Hauteur,Poids
Bulbizarre,Plante,Poison,Champs,Vert,1,70cm,6.9kg
Herbizarre,Plante,Poison,Champs,Vert,2,1m,13kg
Florizarre,Plante,Poison,Champs,Vert,3,2m,100kg
Salameche,Feu,Aucun,Montagne,Orange,1,60cm,8.5kg
Reptincel,Feu,Aucun,Montagne,Rouge,2,1m10,19kg
Dracaufeu,Feu,Vol,Montagne,Orange,3,1m70,90.5kg
Carapuce,Eau,Aucun,Marécages,Bleu,1,50cm,9kg
Carabaffe,Eau,Aucun,Marécages,Bleu,2,1m,22.5kg
Tortank,Eau,Aucun,Marécages,Bleu,3,1m60,85.5kg
Chenipan,Insecte,Aucun,Forêt,Vert,1,30cm,2.9kg
Chrysacier,Insecte,Aucun,Forêt,Vert,2,70cm,9.9kg
Papilusion,Insecte,Vol,Forêt,"Violet,Blanc",3,1m10,32kg
Aspicot,Insecte,Poison,Forêt,Marron,1,30cm,3.2kg
Coconfort,Insecte,Poison,Forêt,Jaune,2,60cm,10kg
Dardargnan,Insecte,Poison,Forêt,"Noir,Jaune",3,1m,29.5kg
Roucool,Normal,Vol,Forêt,"Marron,Jaune",1,30cm,1.8kg
Roucoups,Normal,Vol,Forêt,"Marron,Jaune",2,1m10,30kg
Roucarnage,Normal,Vol,Forêt,"Marron,Jaune",3,1m50,39.5kg
Rattata,Normal,Aucun,Champs,Violet,1,30cm,3.5kg
Rattatac,Normal,Aucun,Champs,Marron,2,70cm,18.5kg
Piafabec,Normal,Vol,Milieux hostiles,Marron,1,30cm,2kg
Rapasdepic,Normal,Vol,Milieux hostiles,Marron,2,1m20,38kg
Abo,Poison,Aucun,Champs,Violet,1,2m,6.9kg
Arbok,Poison,Aucun,Champs,Violet,2,3m50,65kg
Pikachu,Électrik,Aucun,Forêt,Jaune,1,40cm,6kg
Raichu,Électrik,Aucun,Forêt,Orange,2,80cm,30kg
Sabelette,Sol,Aucun,Milieux hostiles,Jaune,1,60cm,12kg
Sablaireau,Sol,Aucun,Milieux hostiles,"Marron,Jaune",2,1m,29.5kg
Nidoran♀,Poison,Aucun,Champs,Bleu,1,40cm,7kg
Nidorina,Poison,Aucun,Champs,Bleu,2,80cm,20kg
Nidoqueen,Poison,Sol,Champs,Bleu,3,1m30,60kg
Nidoran♂,Poison,Aucun,Champs,Violet,1,50cm,9kg
Nidorino,Poison,Aucun,Champs,Violet,2,90cm,19.5kg
Nidoking,Poison,Sol,Champs,Violet,3,1m40,62kg
Melofee,Normal,Aucun,Montagne,Rose,1,60cm,7.5kg
Melodelfe,Normal,Aucun,Montagne,Rose,2,1m30,40kg
Goupix,Feu,Aucun,Champs,"Marron,Orange",1,60cm,9.9kg
Feunard,Feu,Aucun,Champs,Jaune,2,1m10,19.9kg
Rondoudou,Normal,Aucun,Champs,Rose,1,50cm,5.5kg
Grodoudou,Normal,Aucun,Champs,Rose,2,1m,12kg
Nosferapti,Poison,Vol,Grotte,"Bleu,Violet",1,80cm,7.5kg
Nosferalto,Poison,Vol,Grotte,"Bleu,Violet",2,1m60,55kg
Mystherbe,Plante,Poison,Champs,"Bleu,Vert",1,50cm,5.4kg
Ortide,Plante,Poison,Champs,"Bleu,Orange",2,80cm,8.6kg
Rafflesia,Plante,Poison,Champs,"Bleu,Rouge",3,1m20,18.6kg
Paras,Insecte,Plante,Forêt,Orange,1,30cm,5.4kg
Parasect,Insecte,Plante,Forêt,"Orange,Rouge",2,1m,29.5kg
Mimitoss,Insecte,Poison,Forêt,Violet,1,1m,30kg
Aeromite,Insecte,Poison,Forêt,Violet,2,1m50,12.5kg
Taupiqueur,Sol,Aucun,Grotte,Marron,1,20cm,800g
Triopikeur,Sol,Aucun,Grotte,Marron,2,70cm,33.3kg
Miaouss,Normal,Aucun,Urbain,Jaune,1,40cm,4.2kg
Persian,Normal,Aucun,Urbain,Jaune,2,1m,32kg
Psykokwak,Eau,Aucun,Marécages,Jaune,1,80cm,19.6kg
Akwakwak,Eau,Aucun,Marécages,Bleu,2,1m70,76.6kg
Ferosinge,Combat,Aucun,Montagne,"Marron,Blanc",1,50cm,28kg
Colossinge,Combat,Aucun,Montagne,"Marron,Blanc",2,1m,32kg
Caninos,Feu,Aucun,Champs,"Orange,Jaune",1,70cm,19kg
Arcanin,Feu,Aucun,Champs,"Orange,Jaune",2,1m90,155kg
Ptitard,Eau,Aucun,Marécages,"Bleu,Blanc",1,60cm,12.4kg
Tetarte,Eau,Aucun,Marécages,"Bleu,Blanc",2,1m,20kg
Tartard,Eau,Combat,Marécages,"Bleu,Blanc",3,1m30,54kg
Abra,Psy,Aucun,Urbain,Jaune,1,90cm,19.5kg
Kadabra,Psy,Aucun,Urbain,Jaune,2,1m30,56.5kg
Machoc,Combat,Aucun,Montagne,Gris,1,80cm,19.5kg
Machopeur,Combat,Aucun,Montagne,Violet,2,1m50,70.5kg
Mackogneur,Combat,Aucun,Montagne,Gris,3,1m60,130kg
Chetiflor,Plante,Poison,Forêt,"Vert,Jaune",1,70cm,4kg
Boustiflor,Plante,Poison,Forêt,"Vert,Jaune",2,1m,6.4kg
Empiflor,Plante,Poison,Forêt,"Vert,Jaune",3,1m70,15.5kg
Tentacool,Eau,Poison,Mer,"Bleu,Rouge",1,90cm,45.5kg
Tentacruel,Eau,Poison,Mer,"Bleu,Rouge",2,1m60,55kg
Racaillou,Roche,Sol,Montagne,Gris,1,40cm,20kg
Gravalanch,Roche,Sol,Montagne,Gris,2,1m,105kg
Grolem,Roche,Sol,Montagne,Gris,3,1m40,300kg
Ponyta,Feu,Aucun,Champs,"Orange,Jaune",1,1m,30kg
Galopa,Feu,Aucun,Champs,"Orange,Jaune",2,1m70,95kg
Ramoloss,Eau,Psy,Marécages,Rose,1,1m20,36kg
Flagadoss,Eau,Psy,Marécages,Rose,2,1m60,78.5kg
Magneti,Électrik,Aucun,Milieux hostiles,Gris,1,30cm,6kg
Magneton,Électrik,Aucun,Milieux hostiles,Gris,2,1m,60kg
Canarticho,Normal,Vol,Champs,Marron,1,80cm,15kg
Doduo,Normal,Vol,Champs,Marron,1,1m40,39.2kg
Dodrio,Normal,Vol,Champs,Marron,2,1m80,85.2kg
Otaria,Eau,Aucun,Mer,Blanc,1,1m10,90kg
Lamantine,Eau,Glace,Mer,Blanc,2,1m70,120kg
Tadmorv,Poison,Aucun,Urbain,Violet,1,90cm,30kg
Grotadmorv,Poison,Aucun,Urbain,Violet,2,1m20,30kg
Kokiyas,Eau,Aucun,Mer,"Noir,Violet",1,30cm,4kg
Crustabri,Eau,Glace,Mer,Violet,2,1m50,132.5kg
Fantominus,Spectre,Poison,Grotte,"Noir,Violet",1,1m30,100g
Spectrum,Spectre,Poison,Grotte,Violet,2,1m60,100g
Ectoplasma,Spectre,Poison,Grotte,Violet,3,1m50,40.5kg
Onix,Roche,Sol,Grotte,Gris,1,8m80,210kg
Soporifik,Psy,Aucun,Champs,"Marron,Jaune",1,1m,32.4kg
Hypnomade,Psy,Aucun,Champs,Jaune,2,1m60,75.6kg
Krabby,Eau,Aucun,Marécages,"Orange,Blanc",1,40cm,6.5kg
Krabboss,Eau,Aucun,Marécages,"Orange,Blanc",2,1m30,60kg
Voltorbe,Électrik,Aucun,Urbain,"Rouge,Blanc",1,50cm,10.4kg
Electrode,Électrik,Aucun,Urbain,"Rouge,Blanc",2,1m20,66.6kg
Noeunoeuf,Plante,Psy,Forêt,Rose,1,40cm,2.5kg
Noadkoko,Plante,Psy,Forêt,"Marron,Jaune",2,2m,120kg
Osselait,Sol,Aucun,Montagne,Marron,1,40cm,6.5kg
Ossatueur,Sol,Aucun,Montagne,Marron,2,1m,45kg
Kicklee,Combat,Aucun,Urbain,Marron,1,1m50,49.8kg
Tygnon,Combat,Aucun,Urbain,Marron,1,1m40,50.2kg
Excelangue,Normal,Aucun,Champs,Rose,1,1m20,65.5kg
Smogo,Poison,Aucun,Urbain,Violet,1,60cm,1kg
Smogogo,Poison,Aucun,Urbain,Violet,2,1m20,9.5kg
Rhinocorne,Sol,Roche,Milieux hostiles,Gris,1,1m,115kg
Rhinoferos,Sol,Roche,Milieux hostiles,Gris,2,1m90,120kg
Leveinard,Normal,Aucun,Urbain,Rose,1,1m10,34.6kg
Saquedeneu,Plante,Aucun,Champs,Bleu,1,1m,35kg
Kangourex,Normal,Aucun,Champs,Marron,1,2m20,80kg
Hypotrempe,Eau,Aucun,Mer,Bleu,1,40cm,8kg
Hypocean,Eau,Aucun,Mer,Bleu,2,1m20,25kg
Poissirene,Eau,Aucun,Marécages,"Rouge,Blanc",1,60cm,15kg
Poissoroy,Eau,Aucun,Marécages,"Rouge,Blanc",2,1m30,39kg
Stari,Eau,Aucun,Mer,"Marron,Jaune",1,80cm,34.5kg
Staross,Eau,Psy,Mer,Violet,2,1m10,80kg
M. Mime,Psy,Aucun,Urbain,"Rose,Blanc",1,1m30,54.5kg
Insecateur,Insecte,Vol,Champs,Vert,1,1m50,56kg
Lippoutou,Glace,Psy,Urbain,"Violet,Rouge",1,1m40,40.6kg
Elektek,Électrik,Aucun,Champs,"Noir,Jaune",1,1m10,30kg
Magmar,Feu,Aucun,Montagne,"Rouge,Jaune",1,1m30,44.5kg
Scarabrute,Insecte,Aucun,Forêt,Marron,1,1m50,55kg
Tauros,Normal,Aucun,Champs,Marron,1,1m40,88.4kg
Magicarpe,Eau,Aucun,Marécages,"Orange,Rouge",1,90cm,10kg
Leviator,Eau,Vol,Marécages,Bleu,2,6m50,235kg
Lokhlass,Eau,Glace,Mer,Bleu,1,2m50,220kg
Metamorph,Normal,Aucun,Urbain,Violet,1,30cm,4kg
Evoli,Normal,Aucun,Urbain,Marron,1,30cm,6.5kg
Aquali,Eau,Aucun,Urbain,Bleu,2,1m,29kg
Voltali,Électrik,Aucun,Urbain,Jaune,2,80cm,24.5kg
Pyroli,Feu,Aucun,Urbain,Orange,2,90cm,25kg
Porygon,Normal,Aucun,Urbain,"Bleu,Rose",1,80cm,36.5kg
Amonita,Roche,Eau,Mer,"Bleu,Blanc",1,40cm,7.5kg
Amonistar,Roche,Eau,Mer,"Bleu,Blanc",2,1m,35kg
Kabuto,Roche,Eau,Mer,"Noir,Marron",1,50cm,11.5kg
Kabutops,Roche,Eau,Mer,Marron,2,1m30,40.5kg
Ptera,Roche,Vol,Montagne,"Gris,Violet",1,1m80,59kg
Ronflex,Normal,Aucun,Montagne,"Bleu,Blanc",1,2m10,460kg
Artikodin,Glace,Vol,Rare,Bleu,1,1m70,55.4kg
Electhor,Électrik,Vol,Rare,Jaune,1,1m60,52.6kg
Sulfura,Feu,Vol,Rare,Jaune,1,2m,60kg
Minidraco,Dragon,Aucun,Marécages,Bleu,1,1m80,3.3kg
Draco,Dragon,Aucun,Marécages,Bleu,2,4m,16.5kg
Dracolosse,Dragon,Vol,Marécages,Orange,3,2m20,210kg
Mewtwo,Psy,Aucun,Rare,"Gris,Violet",1,2m,122kg
Mew,Psy,Aucun,Rare,Rose,1,40cm,4kg
Alakazam,Psy,Aucun,Urbain,Jaune,3,1m50,48kg